subreddit,domain,count,category,sub_total,domain_total,p_domain_given_sub,p_domain_global,lift
Anarchism,blackrosefed.org,11,Advocacy / Org,101,11,0.10891089108910891,0.0034235916588857764,31.811881188118814
Anarchism,currentaffairs.org,15,Advocacy / Org,101,15,0.1485148514851485,0.004668534080298786,31.81188118811881
Anarchism,freedomnews.org.uk,8,Media / News,101,8,0.07920792079207921,0.0024898848428260194,31.81188118811881
Anarchism,theanarchistlibrary.org,8,Advocacy / Org,101,8,0.07920792079207921,0.0024898848428260194,31.81188118811881
socialism,counterpunch.org,5,Advocacy / Org,199,5,0.02512562814070352,0.001556178026766262,16.14572864321608
socialism,blackallianceforpeace.com,5,Media / News,199,5,0.02512562814070352,0.001556178026766262,16.14572864321608
socialism,peoplesdispatch.org,10,Advocacy / Org,199,10,0.05025125628140704,0.003112356053532524,16.14572864321608
socialism,jacobin.com,6,Media / News,199,6,0.03015075376884422,0.0018674136321195146,16.145728643216078
socialism,leftcom.org,15,Advocacy / Org,199,15,0.07537688442211055,0.004668534080298786,16.145728643216078
worldpolitics,youtu.be,17,Video,28,142,0.6071428571428571,0.04419545596016184,13.737676056338028
democrats,instagram.com,5,Media / News,338,5,0.014792899408284023,0.001556178026766262,9.505917159763314
democrats,dailykos.com,7,Media / News,338,7,0.020710059171597635,0.002178649237472767,9.505917159763314
democrats,congress.gov,8,Government,338,8,0.023668639053254437,0.0024898848428260194,9.505917159763312
Liberal,abcnews.go.com,16,Media / News,214,30,0.07476635514018691,0.009337068160597572,8.007476635514019
Conservative,dailycaller.com,5,Media / News,424,5,0.01179245283018868,0.001556178026766262,7.577830188679246
Conservative,esstnews.com,5,Media / News,424,5,0.01179245283018868,0.001556178026766262,7.577830188679246
Conservative,unherd.com,5,Media / News,424,5,0.01179245283018868,0.001556178026766262,7.577830188679246
Conservative,washingtonexaminer.com,6,Media / News,424,6,0.014150943396226415,0.0018674136321195146,7.577830188679245
Conservative,newsbusters.org,6,Advocacy / Org,424,6,0.014150943396226415,0.0018674136321195146,7.577830188679245
Liberal,huffpost.com,14,Media / News,214,30,0.06542056074766354,0.009337068160597572,7.006542056074766
Anarchism,youtu.be,28,Video,101,142,0.27722772277227725,0.04419545596016184,6.272765304699485
democrats,yahoo.com,9,Media / News,338,14,0.026627218934911243,0.004357298474945534,6.11094674556213
Republican,wapo.st,5,Media / News,580,5,0.008620689655172414,0.001556178026766262,5.539655172413793
Republican,conservativeroof.com,16,Media / News,580,16,0.027586206896551724,0.004979769685652039,5.539655172413792
Liberal,usatoday.com,11,Media / News,214,30,0.0514018691588785,0.009337068160597572,5.505140186915888
neoliberal,foreignaffairs.com,5,Media / News,585,5,0.008547008547008548,0.001556178026766262,5.492307692307693
neoliberal,polskieradio.pl,13,Media / News,585,13,0.022222222222222223,0.0040460628695922814,5.492307692307692
neoliberal,english.kyodonews.net,6,Media / News,585,6,0.010256410256410256,0.0018674136321195146,5.492307692307692
neoliberal,ctvnews.ca,8,Media / News,585,8,0.013675213675213675,0.0024898848428260194,5.492307692307692
neoliberal,thedailyrenter.com,6,Media / News,585,6,0.010256410256410256,0.0018674136321195146,5.492307692307692
worldpolitics,youtube.com,11,Video,28,272,0.39285714285714285,0.08465608465608465,4.640625
democrats,msnbc.com,19,Media / News,338,39,0.05621301775147929,0.012138188608776844,4.631087847064179
Liberal,cnbc.com,7,Media / News,214,23,0.03271028037383177,0.0071584189231248055,4.569483949613978
politics,edition.cnn.com,11,Media / News,744,11,0.01478494623655914,0.0034235916588857764,4.318548387096775
politics,fortune.com,6,Media / News,744,6,0.008064516129032258,0.0018674136321195146,4.318548387096774
politics,bbc.co.uk,5,Media / News,744,5,0.006720430107526882,0.001556178026766262,4.318548387096774
politics,pbs.org,5,Advocacy / Org,744,5,0.006720430107526882,0.001556178026766262,4.318548387096774
politics,salon.com,13,Media / News,744,13,0.01747311827956989,0.0040460628695922814,4.318548387096774
Liberal,thehill.com,39,Media / News,214,136,0.1822429906542056,0.042328042328042326,4.305490654205608
Republican,pjmedia.com,24,Media / News,580,34,0.041379310344827586,0.010582010582010581,3.910344827586207
Republican,nationalreview.com,11,Media / News,580,16,0.01896551724137931,0.004979769685652039,3.8085129310344827
Republican,twitchy.com,21,Media / News,580,32,0.03620689655172414,0.009959539371304078,3.635398706896552
